Track,Position,No,Driver,Team,Starting Grid,Laps,Time/Retired,Points,Set Fastest Lap,Fastest Lap Time
Bahrain,1,1,Max Verstappen,Red Bull Racing Honda RBPT,1,57,31:44.7,26,Yes,01:32.6
Bahrain,2,11,Sergio Perez,Red Bull Racing Honda RBPT,5,57,22.457,18,No,01:34.4
Bahrain,3,55,Carlos Sainz,Ferrari,4,57,25.11,15,No,01:34.5
Bahrain,4,16,Charles Leclerc,Ferrari,2,57,39.669,12,No,01:34.1
Bahrain,5,63,George Russell,Mercedes,3,57,46.788,10,No,01:35.1
Bahrain,6,4,Lando Norris,McLaren Mercedes,7,57,48.458,8,No,01:34.5
Bahrain,7,44,Lewis Hamilton,Mercedes,9,57,50.324,6,No,01:34.7
Bahrain,8,81,Oscar Piastri,McLaren Mercedes,8,57,56.082,4,No,01:35.0
Bahrain,9,14,Fernando Alonso,Aston Martin Aramco Mercedes,6,57,74.887,2,No,01:34.2
Bahrain,10,18,Lance Stroll,Aston Martin Aramco Mercedes,12,57,93.216,1,No,01:35.6
Bahrain,11,24,Guanyu Zhou,Kick Sauber Ferrari,17,56,+1 lap,0,No,01:35.5
Bahrain,12,20,Kevin Magnussen,Haas Ferrari,15,56,+1 lap,0,No,01:35.6
Bahrain,13,3,Daniel Ricciardo,RB Honda RBPT,14,56,+1 lap,0,No,01:35.2
Bahrain,14,22,Yuki Tsunoda,RB Honda RBPT,11,56,+1 lap,0,No,01:35.8
Bahrain,15,23,Alexander Albon,Williams Mercedes,13,56,+1 lap,0,No,01:35.7
Bahrain,16,27,Nico Hulkenberg,Haas Ferrari,10,56,+1 lap,0,No,01:34.8
Bahrain,17,31,Esteban Ocon,Alpine Renault,19,56,+1 lap,0,No,01:36.2
Bahrain,18,10,Pierre Gasly,Alpine Renault,20,56,+1 lap,0,No,01:34.8
Bahrain,19,77,Valtteri Bottas,Kick Sauber Ferrari,16,56,+1 lap,0,No,01:36.2
Bahrain,20,2,Logan Sargeant,Williams Mercedes,18,55,+2 laps,0,No,01:34.7
Saudi Arabia,1,1,Max Verstappen,Red Bull Racing Honda RBPT,1,50,20:43.3,25,No,01:31.8
Saudi Arabia,2,11,Sergio Perez,Red Bull Racing Honda RBPT,3,50,13.643,18,No,01:32.3
Saudi Arabia,3,16,Charles Leclerc,Ferrari,2,50,18.639,16,Yes,01:31.6
Saudi Arabia,4,81,Oscar Piastri,McLaren Mercedes,5,50,32.007,12,No,01:32.3
Saudi Arabia,5,14,Fernando Alonso,Aston Martin Aramco Mercedes,4,50,35.759,10,No,01:32.4
Saudi Arabia,6,63,George Russell,Mercedes,7,50,39.936,8,No,01:32.3
Saudi Arabia,7,38,Oliver Bearman,Ferrari,11,50,42.679,6,No,01:32.2
Saudi Arabia,8,4,Lando Norris,McLaren Mercedes,6,50,45.708,4,No,01:31.9
Saudi Arabia,9,44,Lewis Hamilton,Mercedes,8,50,47.391,2,No,01:31.7
Saudi Arabia,10,27,Nico Hulkenberg,Haas Ferrari,15,50,76.996,1,No,01:32.4
Saudi Arabia,11,23,Alexander Albon,Williams Mercedes,12,50,88.354,0,No,01:32.3
Saudi Arabia,12,20,Kevin Magnussen,Haas Ferrari,13,50,105.737,0,No,01:32.3
Saudi Arabia,13,31,Esteban Ocon,Alpine Renault,17,49,+1 lap,0,No,01:33.5
Saudi Arabia,14,2,Logan Sargeant,Williams Mercedes,19,49,+1 lap,0,No,01:33.0
Saudi Arabia,15,22,Yuki Tsunoda,RB Honda RBPT,9,49,+1 lap,0,No,01:33.5
Saudi Arabia,16,3,Daniel Ricciardo,RB Honda RBPT,14,49,+1 lap,0,No,01:33.3
Saudi Arabia,17,77,Valtteri Bottas,Kick Sauber Ferrari,16,49,+1 lap,0,No,01:32.7
Saudi Arabia,18,24,Guanyu Zhou,Kick Sauber Ferrari,20,49,+1 lap,0,No,01:32.2
Saudi Arabia,NC,18,Lance Stroll,Aston Martin Aramco Mercedes,10,5,DNF,0,No,01:35.6
Saudi Arabia,NC,10,Pierre Gasly,Alpine Renault,18,1,DNF,0,No,
Australia,1,55,Carlos Sainz,Ferrari,2,58,20:26.8,25,No,01:20.0
Australia,2,16,Charles Leclerc,Ferrari,4,58,2.366,19,Yes,01:19.8
Australia,3,4,Lando Norris,McLaren Mercedes,3,58,5.904,15,No,01:19.9
Australia,4,81,Oscar Piastri,McLaren Mercedes,5,58,35.77,12,No,01:20.2
Australia,5,11,Sergio Perez,Red Bull Racing Honda RBPT,6,58,56.309,10,No,01:20.4
Australia,6,18,Lance Stroll,Aston Martin Aramco Mercedes,9,58,93.222,8,No,01:20.9
Australia,7,22,Yuki Tsunoda,RB Honda RBPT,8,58,95.601,6,No,01:21.1
Australia,8,14,Fernando Alonso,Aston Martin Aramco Mercedes,10,58,100.992,4,No,01:20.5
Australia,9,27,Nico Hulkenberg,Haas Ferrari,16,58,104.553,2,No,01:21.1
Australia,10,20,Kevin Magnussen,Haas Ferrari,14,57,+1 lap,1,No,01:21.1
Australia,11,23,Alexander Albon,Williams Mercedes,12,57,+1 lap,0,No,01:21.6
Australia,12,3,Daniel Ricciardo,RB Honda RBPT,18,57,+1 lap,0,No,01:21.2
Australia,13,10,Pierre Gasly,Alpine Renault,17,57,+1 lap,0,No,01:21.1
Australia,14,77,Valtteri Bottas,Kick Sauber Ferrari,13,57,+1 lap,0,No,01:21.4
Australia,15,24,Guanyu Zhou,Kick Sauber Ferrari,19,57,+1 lap,0,No,01:21.3
Australia,16,31,Esteban Ocon,Alpine Renault,15,57,+1 lap,0,No,01:21.4
Australia,17,63,George Russell,Mercedes,7,56,DNF,0,No,01:20.3
Australia,NC,44,Lewis Hamilton,Mercedes,11,15,DNF,0,No,01:22.4
Australia,NC,1,Max Verstappen,Red Bull Racing Honda RBPT,1,3,DNF,0,No,01:23.1
Australia,NC,2,Logan Sargeant,Williams Mercedes,20,0,0,0,No,00:00.0
Japan,1,1,Max Verstappen,Red Bull Racing Honda RBPT,1,53,54:23.6,26,Yes,01:33.7
Japan,2,11,Sergio Perez,Red Bull Racing Honda RBPT,2,53,12.535,18,No,01:33.9
Japan,3,55,Carlos Sainz,Ferrari,4,53,20.866,15,No,01:33.8
Japan,4,16,Charles Leclerc,Ferrari,8,53,26.522,12,No,01:35.0
Japan,5,4,Lando Norris,McLaren Mercedes,3,53,29.7,10,No,01:35.2
Japan,6,14,Fernando Alonso,Aston Martin Aramco Mercedes,5,53,44.272,8,No,01:34.7
Japan,7,63,George Russell,Mercedes,9,53,45.951,6,No,01:34.4
Japan,8,81,Oscar Piastri,McLaren Mercedes,6,53,47.525,4,No,01:34.8
Japan,9,44,Lewis Hamilton,Mercedes,7,53,48.626,2,No,01:34.0
Japan,10,22,Yuki Tsunoda,RB Honda RBPT,10,52,+1 lap,1,No,01:36.3
Japan,11,27,Nico Hulkenberg,Haas Ferrari,12,52,+1 lap,0,No,01:35.3
Japan,12,18,Lance Stroll,Aston Martin Aramco Mercedes,16,52,+1 lap,0,No,01:35.8
Japan,13,20,Kevin Magnussen,Haas Ferrari,18,52,+1 lap,0,No,01:36.7
Japan,14,77,Valtteri Bottas,Kick Sauber Ferrari,13,52,+1 lap,0,No,01:36.6
Japan,15,31,Esteban Ocon,Alpine Renault,15,52,+1 lap,0,No,01:36.2
Japan,16,10,Pierre Gasly,Alpine Renault,17,52,+1 lap,0,No,01:36.6
Japan,17,2,Logan Sargeant,Williams Mercedes,19,52,+1 lap,0,No,01:34.9
Japan,NC,24,Guanyu Zhou,Kick Sauber Ferrari,20,12,DNF,0,No,01:37.2
Japan,NC,3,Daniel Ricciardo,RB Honda RBPT,11,0,DNF,0,No,
Japan,NC,23,Alexander Albon,Williams Mercedes,14,0,DNF,0,No,
China,1,1,Max Verstappen,Red Bull Racing Honda RBPT,1,56,40:52.6,25,No,01:38.4
China,2,4,Lando Norris,McLaren Mercedes,4,56,13.773,18,No,01:38.8
China,3,11,Sergio Perez,Red Bull Racing Honda RBPT,2,56,19.16,15,No,01:39.4
China,4,16,Charles Leclerc,Ferrari,6,56,23.623,12,No,01:39.4
China,5,55,Carlos Sainz,Ferrari,7,56,33.983,10,No,01:39.8
China,6,63,George Russell,Mercedes,8,56,38.724,8,No,01:40.1
China,7,14,Fernando Alonso,Aston Martin Aramco Mercedes,3,56,43.414,7,Yes,01:37.8
China,8,81,Oscar Piastri,McLaren Mercedes,5,56,56.198,4,No,01:39.7
China,9,44,Lewis Hamilton,Mercedes,18,56,57.986,2,No,01:40.8
China,10,27,Nico Hulkenberg,Haas Ferrari,9,56,60.476,1,No,01:40.8
China,11,31,Esteban Ocon,Alpine Renault,13,56,62.812,0,No,01:40.9
China,12,23,Alexander Albon,Williams Mercedes,14,56,65.506,0,No,01:40.8
China,13,10,Pierre Gasly,Alpine Renault,15,56,69.223,0,No,01:39.2
China,14,24,Guanyu Zhou,Kick Sauber Ferrari,16,56,71.689,0,No,01:38.6
China,15,18,Lance Stroll,Aston Martin Aramco Mercedes,11,56,82.786,0,No,01:39.4
China,16,20,Kevin Magnussen,Haas Ferrari,17,56,87.533,0,No,01:41.1
China,17,2,Logan Sargeant,Williams Mercedes,20,56,95.11,0,No,01:41.0
China,NC,3,Daniel Ricciardo,RB Honda RBPT,12,33,DNF,0,No,01:41.0
China,NC,22,Yuki Tsunoda,RB Honda RBPT,19,26,DNF,0,No,01:41.6
China,NC,77,Valtteri Bottas,Kick Sauber Ferrari,10,19,DNF,0,No,01:41.3
Miami,1,4,Lando Norris,McLaren Mercedes,5,57,30:49.9,25,No,01:31.0
Miami,2,1,Max Verstappen,Red Bull Racing Honda RBPT,1,57,7.612,18,No,01:31.3
Miami,3,16,Charles Leclerc,Ferrari,2,57,9.92,15,No,01:31.1
Miami,4,11,Sergio Perez,Red Bull Racing Honda RBPT,4,57,14.65,12,No,01:30.9
Miami,5,55,Carlos Sainz,Ferrari,3,57,16.407,10,No,01:30.9
Miami,6,44,Lewis Hamilton,Mercedes,8,57,16.585,8,No,01:31.2
Miami,7,22,Yuki Tsunoda,RB Honda RBPT,10,57,26.185,6,No,01:31.7
Miami,8,63,George Russell,Mercedes,7,57,34.789,4,No,01:31.9
Miami,9,14,Fernando Alonso,Aston Martin Aramco Mercedes,15,57,37.107,2,No,01:31.7
Miami,10,31,Esteban Ocon,Alpine Renault,13,57,39.746,1,No,01:32.0
Miami,11,27,Nico Hulkenberg,Haas Ferrari,9,57,40.789,0,No,01:31.9
Miami,12,10,Pierre Gasly,Alpine Renault,12,57,44.958,0,No,01:32.1
Miami,13,81,Oscar Piastri,McLaren Mercedes,6,57,49.756,0,Yes,01:30.6
Miami,14,24,Guanyu Zhou,Kick Sauber Ferrari,19,57,49.979,0,No,01:32.0
Miami,15,3,Daniel Ricciardo,RB Honda RBPT,20,57,50.956,0,No,01:32.1
Miami,16,77,Valtteri Bottas,Kick Sauber Ferrari,16,57,52.356,0,No,01:32.1
Miami,17,18,Lance Stroll,Aston Martin Aramco Mercedes,11,57,55.173,0,No,01:31.6
Miami,18,23,Alexander Albon,Williams Mercedes,14,57,76.091,0,No,01:30.8
Miami,19,20,Kevin Magnussen,Haas Ferrari,18,57,84.683,0,No,01:31.8
Miami,NC,2,Logan Sargeant,Williams Mercedes,17,27,DNF,0,No,01:33.5
Emilia Romagna,1,1,Max Verstappen,Red Bull Racing Honda RBPT,1,63,25:25.3,25,No,01:20.4
Emilia Romagna,2,4,Lando Norris,McLaren Mercedes,2,63,0.725,18,No,01:20.0
Emilia Romagna,3,16,Charles Leclerc,Ferrari,3,63,7.916,15,No,01:19.9
Emilia Romagna,4,81,Oscar Piastri,McLaren Mercedes,5,63,14.132,12,No,01:19.9
Emilia Romagna,5,55,Carlos Sainz,Ferrari,4,63,22.325,10,No,01:20.2
Emilia Romagna,6,44,Lewis Hamilton,Mercedes,8,63,35.104,8,No,01:20.3
Emilia Romagna,7,63,George Russell,Mercedes,6,63,47.154,7,Yes,01:18.6
Emilia Romagna,8,11,Sergio Perez,Red Bull Racing Honda RBPT,11,63,54.776,4,No,01:19.7
Emilia Romagna,9,18,Lance Stroll,Aston Martin Aramco Mercedes,13,63,79.556,2,No,01:20.6
Emilia Romagna,10,22,Yuki Tsunoda,RB Honda RBPT,7,62,+1 lap,1,No,01:20.9
Emilia Romagna,11,27,Nico Hulkenberg,Haas Ferrari,10,62,+1 lap,0,No,01:21.7
Emilia Romagna,12,20,Kevin Magnussen,Haas Ferrari,18,62,+1 lap,0,No,01:21.0
Emilia Romagna,13,3,Daniel Ricciardo,RB Honda RBPT,9,62,+1 lap,0,No,01:21.6
Emilia Romagna,14,31,Esteban Ocon,Alpine Renault,12,62,+1 lap,0,No,01:21.3
Emilia Romagna,15,24,Guanyu Zhou,Kick Sauber Ferrari,17,62,+1 lap,0,No,01:21.0
Emilia Romagna,16,10,Pierre Gasly,Alpine Renault,15,62,+1 lap,0,No,01:21.4
Emilia Romagna,17,2,Logan Sargeant,Williams Mercedes,19,62,+1 lap,0,No,01:21.2
Emilia Romagna,18,77,Valtteri Bottas,Kick Sauber Ferrari,16,62,+1 lap,0,No,01:21.5
Emilia Romagna,19,14,Fernando Alonso,Aston Martin Aramco Mercedes,20,62,+1 lap,0,No,01:19.0
Emilia Romagna,NC,23,Alexander Albon,Williams Mercedes,14,51,DNF,0,No,01:21.3
Monaco,1,16,Charles Leclerc,Ferrari,1,78,23:15.6,25,No,01:15.2
Monaco,2,81,Oscar Piastri,McLaren Mercedes,2,78,7.152,18,No,01:16.3
Monaco,3,55,Carlos Sainz,Ferrari,3,78,7.585,15,No,01:14.7
Monaco,4,4,Lando Norris,McLaren Mercedes,4,78,8.65,12,No,01:15.7
Monaco,5,63,George Russell,Mercedes,5,78,13.309,10,No,01:15.2
Monaco,6,1,Max Verstappen,Red Bull Racing Honda RBPT,6,78,13.853,8,No,01:14.6
Monaco,7,44,Lewis Hamilton,Mercedes,7,78,14.908,7,Yes,01:14.2
Monaco,8,22,Yuki Tsunoda,RB Honda RBPT,8,77,+1 lap,4,No,01:14.7
Monaco,9,23,Alexander Albon,Williams Mercedes,9,77,+1 lap,2,No,01:17.1
Monaco,10,10,Pierre Gasly,Alpine Renault,10,77,+1 lap,1,No,01:15.6
Monaco,11,14,Fernando Alonso,Aston Martin Aramco Mercedes,14,76,+2 laps,0,No,01:17.9
Monaco,12,3,Daniel Ricciardo,RB Honda RBPT,12,76,+2 laps,0,No,01:17.2
Monaco,13,77,Valtteri Bottas,Kick Sauber Ferrari,17,76,+2 laps,0,No,01:16.6
Monaco,14,18,Lance Stroll,Aston Martin Aramco Mercedes,13,76,+2 laps,0,No,01:16.7
Monaco,15,2,Logan Sargeant,Williams Mercedes,15,76,+2 laps,0,No,01:15.5
Monaco,16,24,Guanyu Zhou,Kick Sauber Ferrari,18,76,+2 laps,0,No,01:14.7
Monaco,NC,31,Esteban Ocon,Alpine Renault,11,0,DNF,0,No,
Monaco,NC,11,Sergio Perez,Red Bull Racing Honda RBPT,16,0,DNF,0,No,
Monaco,NC,27,Nico Hulkenberg,Haas Ferrari,19,0,DNF,0,No,
Monaco,NC,20,Kevin Magnussen,Haas Ferrari,20,0,DNF,0,No,
Canada,1,1,Max Verstappen,Red Bull Racing Honda RBPT,2,70,45:47.9,25,No,01:15.6
Canada,2,4,Lando Norris,McLaren Mercedes,3,70,3.879,18,No,01:15.6
Canada,3,63,George Russell,Mercedes,1,70,4.317,15,No,01:14.9
Canada,4,44,Lewis Hamilton,Mercedes,7,70,4.915,13,Yes,01:14.9
Canada,5,81,Oscar Piastri,McLaren Mercedes,4,70,10.199,10,No,01:16.2
Canada,6,14,Fernando Alonso,Aston Martin Aramco Mercedes,6,70,17.51,8,No,01:16.3
Canada,7,18,Lance Stroll,Aston Martin Aramco Mercedes,9,70,23.625,6,No,01:16.8
Canada,8,3,Daniel Ricciardo,RB Honda RBPT,5,70,28.672,4,No,01:17.1
Canada,9,10,Pierre Gasly,Alpine Renault,15,70,30.021,2,No,01:17.0
Canada,10,31,Esteban Ocon,Alpine Renault,18,70,30.313,1,No,01:17.0
Canada,11,27,Nico Hulkenberg,Haas Ferrari,17,70,30.824,0,No,01:16.7
Canada,12,20,Kevin Magnussen,Haas Ferrari,14,70,31.253,0,No,01:16.5
Canada,13,77,Valtteri Bottas,Kick Sauber Ferrari,19,70,40.487,0,No,01:17.3
Canada,14,22,Yuki Tsunoda,RB Honda RBPT,8,70,52.694,0,No,01:17.3
Canada,15,24,Guanyu Zhou,Kick Sauber Ferrari,20,69,+1 lap,0,No,01:17.3
Canada,NC,55,Carlos Sainz,Ferrari,12,52,DNF,0,No,01:19.0
Canada,NC,23,Alexander Albon,Williams Mercedes,10,52,DNF,0,No,01:19.4
Canada,NC,11,Sergio Perez,Red Bull Racing Honda RBPT,16,51,DNF,0,No,01:18.8
Canada,NC,16,Charles Leclerc,Ferrari,11,40,DNF,0,No,01:26.0
Canada,NC,2,Logan Sargeant,Williams Mercedes,13,23,DNF,0,No,01:26.5
Spain,1,1,Max Verstappen,Red Bull Racing Honda RBPT,2,66,28:20.2,25,No,01:17.8
Spain,2,4,Lando Norris,McLaren Mercedes,1,66,2.219,19,Yes,01:17.1
Spain,3,44,Lewis Hamilton,Mercedes,3,66,17.79,15,No,01:17.8
Spain,4,63,George Russell,Mercedes,4,66,22.32,12,No,01:18.3
Spain,5,16,Charles Leclerc,Ferrari,5,66,22.709,10,No,01:17.9
Spain,6,55,Carlos Sainz,Ferrari,6,66,31.028,8,No,01:18.5
Spain,7,81,Oscar Piastri,McLaren Mercedes,9,66,33.76,6,No,01:17.9
Spain,8,11,Sergio Perez,Red Bull Racing Honda RBPT,11,66,59.524,4,No,01:17.8
Spain,9,10,Pierre Gasly,Alpine Renault,7,66,62.025,2,No,01:19.0
Spain,10,31,Esteban Ocon,Alpine Renault,8,66,71.889,1,No,01:19.0
Spain,11,27,Nico Hulkenberg,Haas Ferrari,13,66,79.215,0,No,01:18.6
Spain,12,14,Fernando Alonso,Aston Martin Aramco Mercedes,10,65,+1 lap,0,No,01:18.3
Spain,13,24,Guanyu Zhou,Kick Sauber Ferrari,15,65,+1 lap,0,No,01:18.8
Spain,14,18,Lance Stroll,Aston Martin Aramco Mercedes,14,65,+1 lap,0,No,01:19.3
Spain,15,3,Daniel Ricciardo,RB Honda RBPT,18,65,+1 lap,0,No,01:19.4
Spain,16,77,Valtteri Bottas,Kick Sauber Ferrari,12,65,+1 lap,0,No,01:19.6
Spain,17,20,Kevin Magnussen,Haas Ferrari,16,65,+1 lap,0,No,01:19.8
Spain,18,23,Alexander Albon,Williams Mercedes,20,65,+1 lap,0,No,01:19.1
Spain,19,22,Yuki Tsunoda,RB Honda RBPT,17,65,+1 lap,0,No,01:19.4
Spain,20,2,Logan Sargeant,Williams Mercedes,19,64,+2 laps,0,No,01:20.2
Austria,1,63,George Russell,Mercedes,3,71,24:22.8,25,No,01:09.2
Austria,2,81,Oscar Piastri,McLaren Mercedes,7,71,1.906,18,No,01:08.7
Austria,3,55,Carlos Sainz,Ferrari,4,71,4.533,15,No,01:09.3
Austria,4,44,Lewis Hamilton,Mercedes,5,71,23.142,12,No,01:09.6
Austria,5,1,Max Verstappen,Red Bull Racing Honda RBPT,1,71,37.253,10,No,01:07.7
Austria,6,27,Nico Hulkenberg,Haas Ferrari,9,71,54.088,8,No,01:10.2
Austria,7,11,Sergio Perez,Red Bull Racing Honda RBPT,8,71,54.672,6,No,01:09.7
Austria,8,20,Kevin Magnussen,Haas Ferrari,12,71,60.355,4,No,01:10.1
Austria,9,3,Daniel Ricciardo,RB Honda RBPT,11,71,61.169,2,No,01:10.4
Austria,10,10,Pierre Gasly,Alpine Renault,13,71,61.766,1,No,01:09.6
Austria,11,16,Charles Leclerc,Ferrari,6,71,67.056,0,No,01:09.6
Austria,12,31,Esteban Ocon,Alpine Renault,10,71,68.325,0,No,01:09.6
Austria,13,18,Lance Stroll,Aston Martin Aramco Mercedes,17,70,+1 lap,0,No,01:10.1
Austria,14,22,Yuki Tsunoda,RB Honda RBPT,14,70,+1 lap,0,No,01:10.3
Austria,15,23,Alexander Albon,Williams Mercedes,16,70,+1 lap,0,No,01:10.4
Austria,16,77,Valtteri Bottas,Kick Sauber Ferrari,18,70,+1 lap,0,No,01:10.4
Austria,17,24,Guanyu Zhou,Kick Sauber Ferrari,20,70,+1 lap,0,No,01:10.5
Austria,18,14,Fernando Alonso,Aston Martin Aramco Mercedes,15,70,+1 lap,0,Yes,01:07.7
Austria,19,2,Logan Sargeant,Williams Mercedes,19,69,+2 laps,0,No,01:10.4
Austria,20,4,Lando Norris,McLaren Mercedes,2,64,+7 laps,0,No,01:08.0
Great Britain,1,44,Lewis Hamilton,Mercedes,2,52,22:27.1,25,No,01:29.4
Great Britain,2,1,Max Verstappen,Red Bull Racing Honda RBPT,4,52,1.465,18,No,01:29.0
Great Britain,3,4,Lando Norris,McLaren Mercedes,3,52,7.547,15,No,01:29.3
Great Britain,4,81,Oscar Piastri,McLaren Mercedes,5,52,12.429,12,No,01:28.7
Great Britain,5,55,Carlos Sainz,Ferrari,7,52,47.318,11,Yes,01:28.3
Great Britain,6,27,Nico Hulkenberg,Haas Ferrari,6,52,55.722,8,No,01:29.8
Great Britain,7,18,Lance Stroll,Aston Martin Aramco Mercedes,8,52,56.569,6,No,01:29.9
Great Britain,8,14,Fernando Alonso,Aston Martin Aramco Mercedes,10,52,63.577,4,No,01:29.7
Great Britain,9,23,Alexander Albon,Williams Mercedes,9,52,68.387,2,No,01:29.7
Great Britain,10,22,Yuki Tsunoda,RB Honda RBPT,13,52,79.303,1,No,01:30.2
Great Britain,11,2,Logan Sargeant,Williams Mercedes,12,52,88.96,0,No,01:30.0
Great Britain,12,20,Kevin Magnussen,Haas Ferrari,17,52,90.153,0,No,01:30.1
Great Britain,13,3,Daniel Ricciardo,RB Honda RBPT,15,51,+1 lap,0,No,01:30.7
Great Britain,14,16,Charles Leclerc,Ferrari,11,51,+1 lap,0,No,01:29.7
Great Britain,15,77,Valtteri Bottas,Kick Sauber Ferrari,16,51,+1 lap,0,No,01:31.3
Great Britain,16,31,Esteban Ocon,Alpine Renault,18,50,+2 laps,0,No,01:30.9
Great Britain,17,11,Sergio Perez,Red Bull Racing Honda RBPT,20,50,+2 laps,0,No,01:29.7
Great Britain,18,24,Guanyu Zhou,Kick Sauber Ferrari,14,50,+2 laps,0,No,01:31.0
Great Britain,NC,63,George Russell,Mercedes,1,33,DNF,0,No,01:31.3
Great Britain,NC,10,Pierre Gasly,Alpine Renault,19,0,DNS,0,No,
Hungary,1,81,Oscar Piastri,McLaren Mercedes,2,70,38:02.0,25,No,01:21.7
Hungary,2,4,Lando Norris,McLaren Mercedes,1,70,2.141,18,No,01:21.7
Hungary,3,44,Lewis Hamilton,Mercedes,5,70,14.88,15,No,01:22.2
Hungary,4,16,Charles Leclerc,Ferrari,6,70,19.686,12,No,01:22.2
Hungary,5,1,Max Verstappen,Red Bull Racing Honda RBPT,3,70,21.349,10,No,01:20.9
Hungary,6,55,Carlos Sainz,Ferrari,4,70,23.073,8,No,01:21.4
Hungary,7,11,Sergio Perez,Red Bull Racing Honda RBPT,16,70,39.792,6,No,01:21.1
Hungary,8,63,George Russell,Mercedes,17,70,42.368,5,Yes,01:20.3
Hungary,9,22,Yuki Tsunoda,RB Honda RBPT,10,70,77.259,2,No,01:23.5
Hungary,10,18,Lance Stroll,Aston Martin Aramco Mercedes,8,70,77.976,1,No,01:22.3
Hungary,11,14,Fernando Alonso,Aston Martin Aramco Mercedes,7,70,82.46,0,No,01:23.1
Hungary,12,3,Daniel Ricciardo,RB Honda RBPT,9,69,+1 lap,0,No,01:22.6
Hungary,13,27,Nico Hulkenberg,Haas Ferrari,11,69,+1 lap,0,No,01:23.5
Hungary,14,23,Alexander Albon,Williams Mercedes,13,69,+1 lap,0,No,01:23.9
Hungary,15,20,Kevin Magnussen,Haas Ferrari,15,69,+1 lap,0,No,01:23.6
Hungary,16,77,Valtteri Bottas,Kick Sauber Ferrari,12,69,+1 lap,0,No,01:22.8
Hungary,17,2,Logan Sargeant,Williams Mercedes,14,69,+1 lap,0,No,01:20.6
Hungary,18,31,Esteban Ocon,Alpine Renault,19,69,+1 lap,0,No,01:21.6
Hungary,19,24,Guanyu Zhou,Kick Sauber Ferrari,18,69,+1 lap,0,No,01:23.5
Hungary,NC,10,Pierre Gasly,Alpine Renault,20,33,DNF,0,No,01:23.3
Belgium,DQ,63,George Russell,Mercedes,6,44,19:57.0,0,No,01:47.1
Belgium,1,44,Lewis Hamilton,Mercedes,3,44,0.526,25,No,01:46.7
Belgium,2,81,Oscar Piastri,McLaren Mercedes,5,44,1.173,18,No,01:45.8
Belgium,3,16,Charles Leclerc,Ferrari,1,44,8.549,15,No,01:47.0
Belgium,4,1,Max Verstappen,Red Bull Racing Honda RBPT,11,44,9.226,12,No,01:46.1
Belgium,5,4,Lando Norris,McLaren Mercedes,4,44,9.85,10,No,01:45.6
Belgium,6,55,Carlos Sainz,Ferrari,7,44,19.795,8,No,01:46.4
Belgium,7,11,Sergio Perez,Red Bull Racing Honda RBPT,2,44,3.195,7,Yes,01:44.7
Belgium,8,14,Fernando Alonso,Aston Martin Aramco Mercedes,8,44,49.963,4,No,01:48.1
Belgium,9,31,Esteban Ocon,Alpine Renault,9,44,52.552,2,No,01:47.0
Belgium,10,3,Daniel Ricciardo,RB Honda RBPT,13,44,54.926,1,No,01:47.4
Belgium,11,18,Lance Stroll,Aston Martin Aramco Mercedes,15,44,63.011,0,No,01:48.1
Belgium,12,23,Alexander Albon,Williams Mercedes,10,44,63.651,0,No,01:48.0
Belgium,13,10,Pierre Gasly,Alpine Renault,12,44,64.365,0,No,01:47.4
Belgium,14,20,Kevin Magnussen,Haas Ferrari,17,44,66.631,0,No,01:47.8
Belgium,15,77,Valtteri Bottas,Kick Sauber Ferrari,14,44,70.638,0,No,01:47.0
Belgium,16,22,Yuki Tsunoda,RB Honda RBPT,20,44,76.737,0,No,01:48.0
Belgium,17,2,Logan Sargeant,Williams Mercedes,18,44,86.057,0,No,01:47.5
Belgium,18,27,Nico Hulkenberg,Haas Ferrari,16,44,88.833,0,No,01:49.0
Belgium,NC,24,Guanyu Zhou,Kick Sauber Ferrari,19,5,DNF,0,No,01:52.1
Netherlands,1,4,Lando Norris,McLaren Mercedes,1,72,30:45.5,26,Yes,01:13.8
Netherlands,2,1,Max Verstappen,Red Bull Racing Honda RBPT,2,72,22.896,18,No,01:14.8
Netherlands,3,16,Charles Leclerc,Ferrari,6,72,25.439,15,No,01:14.6
Netherlands,4,81,Oscar Piastri,McLaren Mercedes,3,72,27.337,12,No,01:14.2
Netherlands,5,55,Carlos Sainz,Ferrari,10,72,32.137,10,No,01:14.1
Netherlands,6,11,Sergio Perez,Red Bull Racing Honda RBPT,5,72,39.542,8,No,01:14.6
Netherlands,7,63,George Russell,Mercedes,4,72,44.617,6,No,01:13.9
Netherlands,8,44,Lewis Hamilton,Mercedes,14,72,49.599,4,No,01:13.9
Netherlands,9,10,Pierre Gasly,Alpine Renault,9,71,+1 lap,2,No,01:14.9
Netherlands,10,14,Fernando Alonso,Aston Martin Aramco Mercedes,7,71,+1 lap,1,No,01:14.8
Netherlands,11,27,Nico Hulkenberg,Haas Ferrari,12,71,+1 lap,0,No,01:15.7
Netherlands,12,3,Daniel Ricciardo,RB Honda RBPT,13,71,+1 lap,0,No,01:15.2
Netherlands,13,18,Lance Stroll,Aston Martin Aramco Mercedes,8,71,+1 lap,0,No,01:15.3
Netherlands,14,23,Alexander Albon,Williams Mercedes,19,71,+1 lap,0,No,01:14.4
Netherlands,15,31,Esteban Ocon,Alpine Renault,15,71,+1 lap,0,No,01:15.4
Netherlands,16,2,Logan Sargeant,Williams Mercedes,18,71,+1 lap,0,No,01:15.5
Netherlands,17,22,Yuki Tsunoda,RB Honda RBPT,11,71,+1 lap,0,No,01:15.6
Netherlands,18,20,Kevin Magnussen,Haas Ferrari,20,71,+1 lap,0,No,01:15.0
Netherlands,19,77,Valtteri Bottas,Kick Sauber Ferrari,16,70,+2 laps,0,No,01:15.8
Netherlands,20,24,Guanyu Zhou,Kick Sauber Ferrari,17,70,+2 laps,0,No,01:15.7
Italy,1,16,Charles Leclerc,Ferrari,4,53,14:40.7,25,No,01:23.2
Italy,2,81,Oscar Piastri,McLaren Mercedes,2,53,2.664,18,No,01:21.9
Italy,3,4,Lando Norris,McLaren Mercedes,1,53,6.153,16,Yes,01:21.4
Italy,4,55,Carlos Sainz,Ferrari,5,53,15.621,12,No,01:23.2
Italy,5,44,Lewis Hamilton,Mercedes,6,53,22.82,10,No,01:21.5
Italy,6,1,Max Verstappen,Red Bull Racing Honda RBPT,7,53,37.932,8,No,01:21.7
Italy,7,63,George Russell,Mercedes,3,53,39.715,6,No,01:22.0
Italy,8,11,Sergio Perez,Red Bull Racing Honda RBPT,8,53,54.148,4,No,01:23.0
Italy,9,23,Alexander Albon,Williams Mercedes,9,53,67.456,2,No,01:23.9
Italy,10,20,Kevin Magnussen,Haas Ferrari,13,53,68.302,1,No,01:23.4
Italy,11,14,Fernando Alonso,Aston Martin Aramco Mercedes,11,53,68.495,0,No,01:22.9
Italy,12,43,Franco Colapinto,Williams Mercedes,18,53,81.308,0,No,01:23.7
Italy,13,3,Daniel Ricciardo,RB Honda RBPT,12,53,93.452,0,No,01:24.2
Italy,14,31,Esteban Ocon,Alpine Renault,15,52,+1 lap,0,No,01:24.3
Italy,15,10,Pierre Gasly,Alpine Renault,14,52,+1 lap,0,No,01:23.8
Italy,16,77,Valtteri Bottas,Kick Sauber Ferrari,19,52,+1 lap,0,No,01:23.6
Italy,17,27,Nico Hulkenberg,Haas Ferrari,10,52,+1 lap,0,No,01:23.3
Italy,18,24,Guanyu Zhou,Kick Sauber Ferrari,20,52,+1 lap,0,No,01:25.1
Italy,19,18,Lance Stroll,Aston Martin Aramco Mercedes,17,52,+1 lap,0,No,01:22.2
Italy,NC,22,Yuki Tsunoda,RB Honda RBPT,16,7,DNF,0,No,01:26.2
Azerbaijan,1,81,Oscar Piastri,McLaren Mercedes,2,51,32:58.0,25,No,01:47.1
Azerbaijan,2,16,Charles Leclerc,Ferrari,1,51,10.91,18,No,01:47.1
Azerbaijan,3,63,George Russell,Mercedes,5,51,31.328,15,No,01:46.6
Azerbaijan,4,4,Lando Norris,McLaren Mercedes,15,51,36.142,13,Yes,01:45.3
Azerbaijan,5,1,Max Verstappen,Red Bull Racing Honda RBPT,6,51,77.098,10,No,01:46.8
Azerbaijan,6,14,Fernando Alonso,Aston Martin Aramco Mercedes,7,51,85.468,8,No,01:47.1
Azerbaijan,7,23,Alexander Albon,Williams Mercedes,9,51,87.396,6,No,01:46.9
Azerbaijan,8,43,Franco Colapinto,Williams Mercedes,8,51,89.541,4,No,01:47.3
Azerbaijan,9,44,Lewis Hamilton,Mercedes,19,51,92.401,2,No,01:47.2
Azerbaijan,10,50,Oliver Bearman,Haas Ferrari,10,51,93.127,1,No,01:47.0
Azerbaijan,11,27,Nico Hulkenberg,Haas Ferrari,12,51,93.465,0,No,01:47.7
Azerbaijan,12,10,Pierre Gasly,Alpine Renault,18,51,117.189,0,No,01:48.0
Azerbaijan,13,3,Daniel Ricciardo,RB Honda RBPT,14,51,146.907,0,No,01:48.4
Azerbaijan,14,24,Guanyu Zhou,Kick Sauber Ferrari,17,51,148.841,0,No,01:47.6
Azerbaijan,15,31,Esteban Ocon,Alpine Renault,20,50,+1 lap,0,No,01:48.8
Azerbaijan,16,77,Valtteri Bottas,Kick Sauber Ferrari,16,50,+1 lap,0,No,01:48.4
Azerbaijan,17,11,Sergio Perez,Red Bull Racing Honda RBPT,4,49,DNF,0,No,01:47.0
Azerbaijan,18,55,Carlos Sainz,Ferrari,3,49,DNF,0,No,01:46.9
Azerbaijan,19,18,Lance Stroll,Aston Martin Aramco Mercedes,13,45,DNF,0,No,01:48.1
Azerbaijan,NC,22,Yuki Tsunoda,RB Honda RBPT,11,14,DNF,0,No,01:50.9
Singapore,1,4,Lando Norris,McLaren Mercedes,1,62,40:52.6,25,No,01:34.9
Singapore,2,1,Max Verstappen,Red Bull Racing Honda RBPT,2,62,20.945,18,No,01:36.0
Singapore,3,81,Oscar Piastri,McLaren Mercedes,5,62,41.823,15,No,01:35.7
Singapore,4,63,George Russell,Mercedes,4,62,61.04,12,No,01:37.0
Singapore,5,16,Charles Leclerc,Ferrari,9,62,62.43,10,No,01:35.4
Singapore,6,44,Lewis Hamilton,Mercedes,3,62,85.248,8,No,01:37.4
Singapore,7,55,Carlos Sainz,Ferrari,10,62,96.039,6,No,01:36.6
Singapore,8,14,Fernando Alonso,Aston Martin Aramco Mercedes,7,61,+1 lap,4,No,01:37.7
Singapore,9,27,Nico Hulkenberg,Haas Ferrari,6,61,+1 lap,2,No,01:37.5
Singapore,10,11,Sergio Perez,Red Bull Racing Honda RBPT,13,61,+1 lap,1,No,01:37.5
Singapore,11,43,Franco Colapinto,Williams Mercedes,12,61,+1 lap,0,No,01:37.3
Singapore,12,22,Yuki Tsunoda,RB Honda RBPT,8,61,+1 lap,0,No,01:36.4
Singapore,13,31,Esteban Ocon,Alpine Renault,15,61,+1 lap,0,No,01:38.0
Singapore,14,18,Lance Stroll,Aston Martin Aramco Mercedes,17,61,+1 lap,0,No,01:37.9
Singapore,15,24,Guanyu Zhou,Kick Sauber Ferrari,20,61,+1 lap,0,No,01:37.5
Singapore,16,77,Valtteri Bottas,Kick Sauber Ferrari,19,61,+1 lap,0,No,01:37.5
Singapore,17,10,Pierre Gasly,Alpine Renault,18,61,+1 lap,0,No,01:36.9
Singapore,18,3,Daniel Ricciardo,RB Honda RBPT,16,61,+1 lap,0,Yes,01:34.5
Singapore,19,20,Kevin Magnussen,Haas Ferrari,14,57,DNF,0,No,01:37.4
Singapore,NC,23,Alexander Albon,Williams Mercedes,11,15,DNF,0,No,01:36.9
United States,1,16,Charles Leclerc,Ferrari,4,56,35:09.6,25,No,01:37.8
United States,2,55,Carlos Sainz,Ferrari,3,56,8.562,18,No,01:37.8
United States,3,1,Max Verstappen,Red Bull Racing Honda RBPT,2,56,19.412,15,No,01:38.1
United States,4,4,Lando Norris,McLaren Mercedes,1,56,20.354,12,No,01:37.7
United States,5,81,Oscar Piastri,McLaren Mercedes,5,56,21.921,10,No,01:37.9
United States,6,63,George Russell,Mercedes,20,56,56.295,8,No,01:37.7
United States,7,11,Sergio Perez,Red Bull Racing Honda RBPT,9,56,59.072,6,No,01:38.5
United States,8,27,Nico Hulkenberg,Haas Ferrari,11,56,62.957,4,No,01:38.4
United States,9,30,Liam Lawson,RB Honda RBPT,19,56,70.563,2,No,01:38.1
United States,10,43,Franco Colapinto,Williams Mercedes,15,56,71.979,1,No,01:37.6
United States,11,20,Kevin Magnussen,Haas Ferrari,8,56,79.782,0,No,01:38.2
United States,12,10,Pierre Gasly,Alpine Renault,6,56,90.558,0,No,01:38.3
United States,13,14,Fernando Alonso,Aston Martin Aramco Mercedes,7,55,+1 lap,0,No,01:39.3
United States,14,22,Yuki Tsunoda,RB Honda RBPT,10,55,+1 lap,0,No,01:39.2
United States,15,18,Lance Stroll,Aston Martin Aramco Mercedes,13,55,+1 lap,0,No,01:39.2
United States,16,23,Alexander Albon,Williams Mercedes,14,55,+1 lap,0,No,01:39.1
United States,17,77,Valtteri Bottas,Kick Sauber Ferrari,16,55,+1 lap,0,No,01:40.6
United States,18,31,Esteban Ocon,Alpine Renault,12,55,+1 lap,0,Yes,01:37.3
United States,19,24,Guanyu Zhou,Kick Sauber Ferrari,18,55,+1 lap,0,No,01:39.3
United States,NC,44,Lewis Hamilton,Mercedes,17,1,DNF,0,No,
Mexico,1,55,Carlos Sainz,Ferrari,1,71,40:55.8,25,No,01:20.1
Mexico,2,4,Lando Norris,McLaren Mercedes,3,71,4.705,18,No,01:19.7
Mexico,3,16,Charles Leclerc,Ferrari,4,71,34.387,16,Yes,01:18.3
Mexico,4,44,Lewis Hamilton,Mercedes,6,71,44.78,12,No,01:20.4
Mexico,5,63,George Russell,Mercedes,5,71,48.536,10,No,01:20.7
Mexico,6,1,Max Verstappen,Red Bull Racing Honda RBPT,2,71,59.558,8,No,01:20.9
Mexico,7,20,Kevin Magnussen,Haas Ferrari,7,71,63.642,6,No,01:20.6
Mexico,8,81,Oscar Piastri,McLaren Mercedes,17,71,64.928,4,No,01:20.1
Mexico,9,27,Nico Hulkenberg,Haas Ferrari,10,70,+1 lap,2,No,01:20.7
Mexico,10,10,Pierre Gasly,Alpine Renault,8,70,+1 lap,1,No,01:21.3
Mexico,11,18,Lance Stroll,Aston Martin Aramco Mercedes,14,70,+1 lap,0,No,01:21.3
Mexico,12,43,Franco Colapinto,Williams Mercedes,16,70,+1 lap,0,No,01:20.1
Mexico,13,31,Esteban Ocon,Alpine Renault,20,70,+1 lap,0,No,01:20.7
Mexico,14,77,Valtteri Bottas,Kick Sauber Ferrari,15,70,+1 lap,0,No,01:21.1
Mexico,15,24,Guanyu Zhou,Kick Sauber Ferrari,19,70,+1 lap,0,No,01:21.6
Mexico,16,30,Liam Lawson,RB Honda RBPT,12,70,+1 lap,0,No,01:19.5
Mexico,17,11,Sergio Perez,Red Bull Racing Honda RBPT,18,70,+1 lap,0,No,01:19.2
Mexico,NC,14,Fernando Alonso,Aston Martin Aramco Mercedes,13,15,DNF,0,No,01:22.7
Mexico,NC,23,Alexander Albon,Williams Mercedes,9,0,DNF,0,No,
Mexico,NC,22,Yuki Tsunoda,RB Honda RBPT,11,0,DNF,0,No,
Brazil,1,1,Max Verstappen,Red Bull Racing Honda RBPT,17,69,06:54.4,26,Yes,01:20.5
Brazil,2,31,Esteban Ocon,Alpine Renault,4,69,19.477,18,No,01:21.8
Brazil,3,10,Pierre Gasly,Alpine Renault,13,69,22.532,15,No,01:21.6
Brazil,4,63,George Russell,Mercedes,2,69,23.265,12,No,01:21.6
Brazil,5,16,Charles Leclerc,Ferrari,6,69,30.177,10,No,01:21.6
Brazil,6,4,Lando Norris,McLaren Mercedes,1,69,31.372,8,No,01:21.5
Brazil,7,22,Yuki Tsunoda,RB Honda RBPT,3,69,42.056,6,No,01:21.8
Brazil,8,81,Oscar Piastri,McLaren Mercedes,8,69,44.943,4,No,01:21.5
Brazil,9,30,Liam Lawson,RB Honda RBPT,5,69,50.452,2,No,01:22.1
Brazil,10,44,Lewis Hamilton,Mercedes,14,69,50.753,1,No,01:22.0
Brazil,11,11,Sergio Perez,Red Bull Racing Honda RBPT,12,69,51.531,0,No,01:22.1
Brazil,12,50,Oliver Bearman,Haas Ferrari,15,69,57.085,0,No,01:22.5
Brazil,13,77,Valtteri Bottas,Kick Sauber Ferrari,11,69,63.588,0,No,01:22.9
Brazil,14,14,Fernando Alonso,Aston Martin Aramco Mercedes,9,69,78.049,0,No,01:22.3
Brazil,15,24,Guanyu Zhou,Kick Sauber Ferrari,19,69,79.649,0,No,01:23.1
Brazil,NC,55,Carlos Sainz,Ferrari,20,38,DNF,0,No,01:24.2
Brazil,NC,43,Franco Colapinto,Williams Mercedes,16,30,DNF,0,No,01:24.3
Brazil,NC,23,Alexander Albon,Williams Mercedes,7,0,DNS,0,No,
Brazil,NC,18,Lance Stroll,Aston Martin Aramco Mercedes,10,0,DNS,0,No,
Brazil,DQ,27,Nico Hulkenberg,Haas Ferrari,18,0,DSQ,0,No,01:23.8
Las Vegas,1,63,George Russell,Mercedes,1,50,22:06.0,25,No,01:35.7
Las Vegas,2,44,Lewis Hamilton,Mercedes,10,50,7.313,18,No,01:35.5
Las Vegas,3,55,Carlos Sainz,Ferrari,2,50,11.906,15,No,01:35.9
Las Vegas,4,16,Charles Leclerc,Ferrari,4,50,14.283,12,No,01:35.7
Las Vegas,5,1,Max Verstappen,Red Bull Racing Honda RBPT,5,50,16.582,10,No,01:36.2
Las Vegas,6,4,Lando Norris,McLaren Mercedes,6,50,43.385,9,Yes,01:34.9
Las Vegas,7,81,Oscar Piastri,McLaren Mercedes,8,50,51.365,6,No,01:36.6
Las Vegas,8,27,Nico Hulkenberg,Haas Ferrari,9,50,59.808,4,No,01:36.6
Las Vegas,9,22,Yuki Tsunoda,RB Honda RBPT,7,50,62.808,2,No,01:37.0
Las Vegas,10,11,Sergio Perez,Red Bull Racing Honda RBPT,15,50,63.114,1,No,01:36.3
Las Vegas,11,14,Fernando Alonso,Aston Martin Aramco Mercedes,16,50,69.195,0,No,01:36.6
Las Vegas,12,20,Kevin Magnussen,Haas Ferrari,12,50,69.803,0,No,01:36.6
Las Vegas,13,24,Guanyu Zhou,Kick Sauber Ferrari,13,50,74.085,0,No,01:36.3
Las Vegas,14,43,Franco Colapinto,Williams Mercedes,20,50,75.172,0,No,01:36.9
Las Vegas,15,18,Lance Stroll,Aston Martin Aramco Mercedes,18,50,84.102,0,No,01:37.2
Las Vegas,16,30,Liam Lawson,RB Honda RBPT,14,50,91.005,0,No,01:37.0
Las Vegas,17,31,Esteban Ocon,Alpine Renault,11,49,+1 lap,0,No,01:36.5
Las Vegas,18,77,Valtteri Bottas,Kick Sauber Ferrari,19,49,+1 lap,0,No,01:36.6
Las Vegas,NC,23,Alexander Albon,Williams Mercedes,17,25,DNF,0,No,01:38.0
Las Vegas,NC,10,Pierre Gasly,Alpine Renault,3,15,DNF,0,No,01:38.3
Qatar,1,1,Max Verstappen,Red Bull Racing Honda RBPT,2,57,31:05.3,25,No,01:22.9
Qatar,2,16,Charles Leclerc,Ferrari,5,57,6.031,18,No,01:23.2
Qatar,3,81,Oscar Piastri,McLaren Mercedes,4,57,6.819,15,No,01:23.2
Qatar,4,63,George Russell,Mercedes,1,57,14.104,12,No,01:23.4
Qatar,5,10,Pierre Gasly,Alpine Renault,11,57,16.782,10,No,01:23.7
Qatar,6,55,Carlos Sainz,Ferrari,7,57,17.476,8,No,01:23.5
Qatar,7,14,Fernando Alonso,Aston Martin Aramco Mercedes,8,57,19.867,6,No,01:23.7
Qatar,8,24,Guanyu Zhou,Kick Sauber Ferrari,12,57,25.36,4,No,01:23.9
Qatar,9,20,Kevin Magnussen,Haas Ferrari,10,57,32.177,2,No,01:24.3
Qatar,10,4,Lando Norris,McLaren Mercedes,3,57,35.762,2,Yes,01:22.4
Qatar,11,77,Valtteri Bottas,Kick Sauber Ferrari,13,57,50.243,0,No,01:25.5
Qatar,12,44,Lewis Hamilton,Mercedes,6,57,56.122,0,No,01:23.9
Qatar,13,22,Yuki Tsunoda,RB Honda RBPT,14,57,61.1,0,No,01:26.1
Qatar,14,30,Liam Lawson,RB Honda RBPT,17,57,62.656,0,No,01:26.1
Qatar,15,23,Alexander Albon,Williams Mercedes,16,56,+1 lap,0,No,01:25.6
Qatar,NC,27,Nico Hulkenberg,Haas Ferrari,18,39,DNF,0,No,01:25.8
Qatar,NC,11,Sergio Perez,Red Bull Racing Honda RBPT,9,38,DNF,0,No,01:25.3
Qatar,NC,18,Lance Stroll,Aston Martin Aramco Mercedes,15,8,DNF,0,No,01:30.9
Qatar,NC,43,Franco Colapinto,Williams Mercedes,19,0,DNF,0,No,
Qatar,NC,31,Esteban Ocon,Alpine Renault,20,0,DNF,0,No,
Abu Dhabi,1,4,Lando Norris,McLaren Mercedes,1,58,26:33.3,25,No,01:27.4
Abu Dhabi,2,55,Carlos Sainz,Ferrari,3,58,5.832,18,No,01:27.8
Abu Dhabi,3,16,Charles Leclerc,Ferrari,19,58,31.928,15,No,01:28.0
Abu Dhabi,4,44,Lewis Hamilton,Mercedes,16,58,36.483,12,No,01:27.3
Abu Dhabi,5,63,George Russell,Mercedes,6,58,37.538,10,No,01:28.2
Abu Dhabi,6,1,Max Verstappen,Red Bull Racing Honda RBPT,4,58,49.847,8,No,01:27.8
Abu Dhabi,7,10,Pierre Gasly,Alpine Renault,5,58,72.56,6,No,01:29.3
Abu Dhabi,8,27,Nico Hulkenberg,Haas Ferrari,7,58,75.554,4,No,01:29.2
Abu Dhabi,9,14,Fernando Alonso,Aston Martin Aramco Mercedes,8,58,82.373,2,No,01:27.9
Abu Dhabi,10,81,Oscar Piastri,McLaren Mercedes,2,58,83.821,1,No,01:27.7
Abu Dhabi,11,23,Alexander Albon,Williams Mercedes,18,57,+1 lap,0,No,01:29.4
Abu Dhabi,12,22,Yuki Tsunoda,RB Honda RBPT,11,57,+1 lap,0,No,01:29.2
Abu Dhabi,13,24,Guanyu Zhou,Kick Sauber Ferrari,15,57,+1 lap,0,No,01:28.0
Abu Dhabi,14,18,Lance Stroll,Aston Martin Aramco Mercedes,13,57,+1 lap,0,No,01:28.6
Abu Dhabi,15,61,Jack Doohan,Alpine Renault,17,57,+1 lap,0,No,01:29.1
Abu Dhabi,16,20,Kevin Magnussen,Haas Ferrari,14,57,+1 lap,0,Yes,01:25.6
Abu Dhabi,17,30,Liam Lawson,RB Honda RBPT,12,55,DNF,0,No,01:28.8
Abu Dhabi,NC,77,Valtteri Bottas,Kick Sauber Ferrari,9,30,DNF,0,No,01:29.5
Abu Dhabi,NC,43,Franco Colapinto,Williams Mercedes,20,26,DNF,0,No,01:29.4
Abu Dhabi,NC,11,Sergio Perez,Red Bull Racing Honda RBPT,10,0,DNF,0,No,
